[
	{"name": "Dawnstar", "section": "City Whore Labels", "texture":"PublicWhore\\LabelDawnstar.dds", "area":"Body"},
	{"name": "Falkreath", "section": "City Whore Labels", "texture":"PublicWhore\\LabelFalkreath.dds", "area":"Body"},
	{"name": "Markarth", "section": "City Whore Labels", "texture":"PublicWhore\\LabelMarkarth.dds", "area":"Body"},
	{"name": "Morthal", "section": "City Whore Labels", "texture":"PublicWhore\\LabelMorthal.dds", "area":"Body"},
	{"name": "Riften", "section": "City Whore Labels", "texture":"PublicWhore\\LabelRiften.dds", "area":"Body"},
	{"name": "Solitude", "section": "City Whore Labels", "texture":"PublicWhore\\LabelSolitude.dds", "area":"Body"},
	{"name": "Whiterun", "section": "City Whore Labels", "texture":"PublicWhore\\LabelWhiterun.dds", "area":"Body"},
	{"name": "Windhelm", "section": "City Whore Labels", "texture":"PublicWhore\\LabelWindhelm.dds", "area":"Body"},
	{"name": "Winterhold", "section": "City Whore Labels", "texture":"PublicWhore\\LabelWinterhold.dds", "area":"Body"},
	{"name": "Dawnstar", "section": "City Whore Symbols", "texture":"PublicWhore\\SymbolDawnstar.dds", "area":"Body"},
	{"name": "Falkreath", "section": "City Whore Symbols", "texture":"PublicWhore\\SymbolFalkreath.dds", "area":"Body"},
	{"name": "Markarth", "section": "City Whore Symbols", "texture":"PublicWhore\\SymbolMarkarth.dds", "area":"Body"},
	{"name": "Morthal", "section": "City Whore Symbols", "texture":"PublicWhore\\SymbolMorthal.dds", "area":"Body"},
	{"name": "Riften", "section": "City Whore Symbols", "texture":"PublicWhore\\SymbolRiften.dds", "area":"Body"},
	{"name": "Solitude", "section": "City Whore Symbols", "texture":"PublicWhore\\SymbolSolitude.dds", "area":"Body"},
	{"name": "Whiterun", "section": "City Whore Symbols", "texture":"PublicWhore\\SymbolWhiterun.dds", "area":"Body"},
	{"name": "Windhelm", "section": "City Whore Symbols", "texture":"PublicWhore\\SymbolWindhelm.dds", "area":"Body"},
	{"name": "Winterhold", "section": "City Whore Symbols", "texture":"PublicWhore\\SymbolWinterhold.dds", "area":"Body"},
	{"name": "Whore of the Realm", "section": "City Whore Symbols", "texture":"PublicWhore\\WhoreOfTheRealm.dds", "area":"Body"}
]
